수치지도 지형지물 표준코드(안),,,,,,,,,,,,,,,
No,대분류,중분류,소분류(지형지물명),통합코드,수치지도 1.0,,,,,,,,,수치지도 2.0,비고
,,,,,"1:5,000",,,"1:2,500",,,"1:1,000",,,,
,,,,,구조,표현,색상,구조,표현,색상,구조,표현,색상,구조,
1,교통,도로경계,도로경계(미분류),A0010000,,,,,,,,,,면,
2,,,(기존도로)미분류,A0013110,선,,"R/G/B
255/0/0",,,,,,,,
3,,,(기존도로)고속국도,A0013111,선,,"R/G/B
255/0/0",선,,"R/G/B
255/0/0",선,,"R/G/B
255/0/0",,
4,,,(기존도로)일반국도,A0013112,선,,"R/G/B
255/0/0",선,,"R/G/B
255/0/0",선,,"R/G/B
255/0/0",,
5,,,(기존도로)지방도,A0013113,선,,"R/G/B
255/0/0",선,,"R/G/B
255/0/0",선,,"R/G/B
255/0/0",,
6,,,(기존도로)특별시도ㆍ광역시도,A0013114,선,,"R/G/B
255/0/0",선,,"R/G/B
255/0/0",선,,"R/G/B
255/0/0",,
7,,,(기존도로)시도,A0013115,선,,"R/G/B
255/0/0",선,,"R/G/B
255/0/0",선,,"R/G/B
255/0/0",,
8,,,(기존도로)군도,A0013116,선,,"R/G/B
255/0/0",선,,"R/G/B
255/0/0",선,,"R/G/B
255/0/0",,
9,,,(기존도로)면리간도로,A0013117,선,,"R/G/B
255/0/0",선,,"R/G/B
255/0/0",선,,"R/G/B
255/0/0",,
10,,,부지안도로,A0013118,선,,"R/G/B
255/0/0",선,,"R/G/B
255/0/0",선,,"R/G/B
255/0/0",,
11,,,터널안도로,A0013122,선,,"R/G/B
255/0/0",선,,"R/G/B
255/0/0",선,,"R/G/B
255/0/0",,
12,,,(건설예정도로)미분류,A0013130,선,,"R/G/B
255/0/0",,,,,,,,
13,,,(건설예정도로)고속국도,A0013131,선,,"R/G/B
255/0/0",,,,,,,,
14,,,(건설예정도로)일반국도,A0013132,선,,"R/G/B
255/0/0",,,,,,,,
15,,,(건설예정도로)지방도,A0013133,선,,"R/G/B
255/0/0",,,,,,,,
16,,,(건설예정도로)특별시도ㆍ 광역시도,A0013134,선,,"R/G/B
255/0/0",,,,,,,,
17,,,(건설예정도로)시도,A0013135,선,,"R/G/B
255/0/0",,,,,,,,
18,,,(건설예정도로)군도,A0013136,선,,"R/G/B
255/0/0",,,,,,,,
19,,,(건설예정도로)면리간도로,A0013137,선,,"R/G/B
255/0/0",,,,,,,,
20,,,(건설중도로)미분류,A0013140,선,,"R/G/B
255/0/0",선,,"R/G/B
255/0/0",선,,"R/G/B
255/0/0",,
21,,,(건설중도로)고속국도,A0013141,선,,"R/G/B
255/0/0",,,,,,,,
22,,,(건설중도로)일반국도,A0013142,선,,"R/G/B
255/0/0",,,,,,,,
23,,,(건설중도로)지방도,A0013143,선,,"R/G/B
255/0/0",,,,,,,,
24,,,(건설중도로)특별시도ㆍ 광역시도,A0013144,선,,"R/G/B
255/0/0",,,,,,,,
25,,,(건설중도로)시도,A0013145,선,,"R/G/B
255/0/0",,,,,,,,
26,,,(건설중도로)군도,A0013146,선,,"R/G/B
255/0/0",,,,,,,,
27,,,(건설중도로)면리간도로,A0013147,선,,"R/G/B
255/0/0",,,,,,,,
28,,,(편의시설)미분류,A0013360,선,,,,,,,,,,
29,,,(기타)미분류,A0013370,선,,,선,,,선,,,,
30,,,(도로번호-기호)미분류,A0013430,점,,,,,,,,,,
31,,,(도로번호-기호)고속국도,A0013431,점,,"R/G/B
0/0/0",점,,"R/G/B
0/0/0",점,,"R/G/B
0/0/0",,
32,,,(도로번호-기호)일반국도,A0013432,점,,"R/G/B
0/0/0",점,,"R/G/B
0/0/0",점,,"R/G/B
0/0/0",,
33,,,(도로번호-기호)지방도,A0013433,점,,"R/G/B
0/0/0",점,,"R/G/B
0/0/0",점,,"R/G/B
0/0/0",,
34,,,(도로번호-기호)특별시도,A0013434,점,,"R/G/B
0/0/0",,,,,,,,
35,,,(도로번호-기호)시도,A0013435,점,,"R/G/B
0/0/0",,,,,,,,
36,,,(도로번호-기호)군도,A0013436,점,,"R/G/B
0/0/0",,,,,,,,
37,,,(도로번호)미분류,A0013440,점,,,점,,"R/G/B
0/0/0",점,,"R/G/B
0/0/0",,
38,,,(도로번호)고속국도,A0013441,문자,,"R/G/B
0/0/0",,,,,,,,
39,,,(도로번호)일반국도,A0013442,문자,,"R/G/B
0/0/0",,,,,,,,
40,,,(도로번호)지방도,A0013443,문자,,"R/G/B
0/0/0",,,,,,,,
41,,,(도로번호)특별시도,A0013444,문자,,"R/G/B
0/0/0",,,,,,,,
42,,,(도로번호)시도,A0013445,문자,,"R/G/B
0/0/0",,,,,,,,
43,,,(도로번호)군도,A0013446,문자,,"R/G/B
0/0/0",,,,,,,,
44,,도로중심선,도로중심선(미분류),A0020000,,,,,,,,,,선,
45,,,소로,A0023119,선,,"R/G/B
255/0/0",선,,"R/G/B
255/0/0",선,,"R/G/B
255/0/0",,
46,,,(도로중심선)미분류,A0023210,선,,"R/G/B
0/0/0",선,,"R/G/B
0/0/0",선,,"R/G/B
0/0/0",,
47,,,(도로중심선)고속국도,A0023211,선,,"R/G/B
0/0/0",,,,,,,,
48,,,(도로중심선)일반국도,A0023212,선,,"R/G/B
0/0/0",,,,,,,,
49,,,(도로중심선)지방도,A0023213,선,,"R/G/B
0/0/0",,,,,,,,
50,,,(도로중심선)특별시도ㆍ 광역시도,A0023214,선,,"R/G/B
0/0/0",,,,,,,,
51,,,(도로중심선)시도,A0023215,선,,"R/G/B
0/0/0",,,,,,,,
52,,,(도로중심선)군도,A0023216,선,,"R/G/B
0/0/0",,,,,,,,
53,,,(도로중심선)면리간도로,A0023217,선,,"R/G/B
0/0/0",,,,,,,,
54,,인도(보도),인도(미분류),A0033320,선,,,,,,,,,선,
55,,,인도,A0033324,선,,"R/G/B
255/0/0",선,,"R/G/B
255/0/0",선,,"R/G/B
255/0/0",,
56,,,자전거도로,A0033327,선,,"R/G/B
165/82/0",선,,"R/G/B
165/82/0",선,,"R/G/B
165/82/0",,코드추가
57,,횡단보도,횡단보도,A0043325,면,,"R/G/B
165/82/0",면,,"R/G/B
165/82/0",면,,"R/G/B
165/82/0",면,
58,,안전지대,안전지대,A0053326,면,,"R/G/B
165/82/0",면,,"R/G/B
165/82/0",면,,"R/G/B
165/82/0",면,
59,,육교,육교,A0063321,면,,"R/G/B
0/0/0",면,,"R/G/B
0/0/0",면,,"R/G/B
0/0/0",면,
60,,교량,교량(미분류),A0070000,,,,,,,,,,면,
61,,,(다리)미분류,A0073340,면,,"R/G/B
0/0/0",,,,,,,,
62,,,(다리)콘크리트교,A0073341,면,,"R/G/B
0/0/0",면,,"R/G/B
0/0/0",면,,"R/G/B
0/0/0",,
63,,,(다리)강교,A0073342,면,,"R/G/B
0/0/0",면,,"R/G/B
0/0/0",면,,"R/G/B
0/0/0",,
64,,,(다리)목교,A0073343,면,,"R/G/B
0/0/0",면,,"R/G/B
0/0/0",면,,"R/G/B
0/0/0",,
65,,,(철교)미분류,A0071210,면,,"R/G/B
0/0/0",,,,,,,,
66,,,철교,A0071211,면,,"R/G/B
0/0/0",면,,"R/G/B
0/0/0",면,,"R/G/B
0/0/0",,
67,,,(철교)고가부,A0071212,면,,"R/G/B
0/0/0",면,,"R/G/B
0/0/0",면,,"R/G/B
0/0/0",,
68,,,철도터널,A0071213,면,,"R/G/B
0/0/0",면,,"R/G/B
0/0/0",면,,"R/G/B
0/0/0",,
69,,교차로,교차로,A0080000,,,,,,,,,,면,
70,,입체교차부,입체교차부(미분류),A0090000,,,,,,,,,,면,
71,,,(입체교차부)미분류,A0093350,선,,,,,,,,,,
72,,,(입체교차부)고가차도,A0093351,선,,"R/G/B
0/0/0",선,,"R/G/B
0/0/0",선,,"R/G/B
0/0/0",,
73,,,(입체교차부)지하차도,A0093352,선,,"R/G/B
0/0/0",선,,"R/G/B
0/0/0",선,,"R/G/B
0/0/0",,
74,,인터체인지,인터체인지,A0100000,,,,,,,,,,면,
75,,터널,터널,A0110020,,,,선,,"R/G/B
255/0/0",선,,"R/G/B
255/0/0",면,
76,,터널입구,터널입구,A0123373,선,,"R/G/B
0/0/0",선,,"R/G/B
0/0/0",선,,"R/G/B
0/0/0",선,
77,,정거장,정거장,A0131122,면,,"R/G/B
0/0/0",,,,,,,점,
78,,정류장,정류장(미분류),A0140000,,,,,,,,,,점,
79,,,(정류장)미분류,A0143410,점,,"R/G/B
0/0/0",,,,,,,,
80,,,(정류장)버스정류장,A0143411,점,,"R/G/B
0/0/0",점,,,점,,"R/G/B
0/0/0",,
81,,,(정류장)택시정류장,A0143412,점,,"R/G/B
0/0/0",점,,,점,,"R/G/B
255/0/0",,
82,,철도,철도(미분류),A0150000,,,,,,,,,,선,
83,,,(실폭선로)미분류,A0151110,선,,,,,,,,,,
84,,,(실폭선로)보통 철도,A0151111,선,,"R/G/B
0/0/0",선,,"R/G/B
0/0/0",선,,"R/G/B
0/0/0",,
85,,,(실폭선로)특수 철도,A0151112,선,,"R/G/B
0/0/0",선,,"R/G/B
0/0/0",선,,"R/G/B
0/0/0",,
86,,,(실폭선로)터널안 철도,A0151113,선,,"R/G/B
0/0/0",,,,,,,,
87,,,(실폭선로)건설중 철도,A0151114,선,,"R/G/B
0/0/0",선,,"R/G/B
0/0/0",선,,"R/G/B
0/0/0",,
88,,,지하철(지하부),A0151115,선,,"R/G/B
0/0/0",,,,,,,,
89,,,지하철(지상부),A0151116,선,,"R/G/B
0/0/0",,,,,,,,
90,,,삭도,A0151117,선,,"R/G/B
0/0/0",선,,"R/G/B
0/0/0",선,,"R/G/B
0/0/0",,
91,,,고가부(도로시설),A0151118,선,,"R/G/B
0/0/0",,,,,,,,
92,,,(도면제작용선로)미분류,A0151120,선,,,,,,,,,,
93,,,복선철도,A0151121,선,,,,,,,,,,
94,,,궤도(모노레일),A0151123,선,,,선,,,선,,,,
95,,,지하철역 출입구,A0151224,면,,"R/G/B
0/0/0",면,,"R/G/B
0/0/0",면,,"R/G/B
0/0/0",,
96,,,"(편의시설,기타)미분류",A0151220,면,,"R/G/B
0/0/0",선,,,선,,,,
97,,철도경계,철도부지선,A0160024,,,,선,,"R/G/B
0/0/0",선,,"R/G/B
0/0/0",면,
98,,철도중심선,철도중심선,A0171119,선,,"R/G/B
0/0/0",선,,"R/G/B
0/0/0",선,,"R/G/B
0/0/0",선,
99,,철도전차대,철도전차대,A0180000,,,,,,,,,,점,
100,,플랫폼,플랫폼,A0191221,선,,"R/G/B
0/0/0",면,,"R/G/B
0/0/0",면,,"R/G/B
0/0/0",면,
101,,플랫폼의 지붕,플랫폼의 지붕,A0201222,선,,"R/G/B
0/0/0",면,,"R/G/B
0/0/0",면,,"R/G/B
0/0/0",면,
102,,나루,나루(미분류),A0210000,,,,,,,,,,점,
103,,,나루(사람),A0212255,점,,"R/G/B
0/0/0",,,,,,,,
104,,,나루(차량),A0212256,점,,"R/G/B
0/0/0",,,,,,,,
105,,나루노선,나루노선,A0222257,선,,"R/G/B
0/0/0",선,,"R/G/B
0/0/0",선,,"R/G/B
0/0/0",선,
106,건물,건물,건물경계(미분류),B0010000,,,,,,,,,,면,
107,,,(건물경계)미분류,B0014110,면,,"R/G/B
0/0/0",면,,"R/G/B
0/0/0",면,,"R/G/B
0/0/0",,
108,,,주택외건물,B0014111,면,,"R/G/B
0/0/0",면,,"R/G/B
0/0/0",면,,"R/G/B
0/0/0",,
109,,,주택 ,B0014112,면,,"R/G/B
0/0/0",면,,"R/G/B
0/0/0",면,,"R/G/B
0/0/0",,
110,,,연립주택,B0014113,면,,"R/G/B
0/0/0",면,,"R/G/B
0/0/0",면,,"R/G/B
0/0/0",,
111,,,공사중건물,B0014114,면,,"R/G/B
0/0/0",면,,"R/G/B
0/0/0",면,,"R/G/B
0/0/0",,
112,,,아파트,B0014115,면,,"R/G/B
0/0/0",면,,"R/G/B
0/0/0",면,,"R/G/B
0/0/0",,
113,,,무벽건물,B0014116,면,,"R/G/B
0/0/0",면,,"R/G/B
0/0/0",면,,"R/G/B
0/0/0",,
114,,,온실,B0014117,면,,"R/G/B
0/0/0",면,,"R/G/B
0/0/0",면,,"R/G/B
0/0/0",,
115,,,가건물,B0014118,면,,"R/G/B
0/0/0",면,,"R/G/B
0/0/0",면,,"R/G/B
0/0/0",,
116,,,집단가옥경계,B0014119,면,,"R/G/B
0/0/0",,,,,,,,
117,,,(지방행정)미분류,B0014210,점,,,,,,,,,,
118,,,특별시청,B0014211,점,,"R/G/B
0/0/0",점,,"R/G/B
0/0/0",점,,"R/G/B
0/0/0",,
119,,,광역시청,B0014212,점,,"R/G/B
0/0/0",점,,"R/G/B
0/0/0",점,,"R/G/B
0/0/0",,
120,,,도청,B0014213,점,,"R/G/B
0/0/0",점,,"R/G/B
0/0/0",점,,"R/G/B
0/0/0",,
121,,,시청,B0014214,점,,"R/G/B
0/0/0",점,,"R/G/B
0/0/0",점,,"R/G/B
0/0/0",,
122,,,군청,B0014215,점,,"R/G/B
0/0/0",점,,"R/G/B
0/0/0",점,,"R/G/B
0/0/0",,
123,,,구청,B0014216,점,,"R/G/B
0/0/0",점,,"R/G/B
0/0/0",점,,"R/G/B
0/0/0",,
124,,,읍사무소,B0014217,점,,"R/G/B
0/0/0",,,,,,,,
125,,,주민센터,B0014218,점,,"R/G/B
0/0/0",점,,"R/G/B
0/0/0",점,,"R/G/B
0/0/0",,주기변경
126,,,면사무소,B0014219,점,,"R/G/B
0/0/0",,,,,,,,
127,,,(치안행정)미분류,B0014220,점,,,점,,"R/G/B
0/0/0",점,,"R/G/B
0/0/0",,
128,,,법원,B0014221,점,,"R/G/B
0/0/0",점,,"R/G/B
0/0/0",점,,"R/G/B
0/0/0",,
129,,,경찰청,B0014222,점,,"R/G/B
0/0/0",점,,"R/G/B
0/0/0",점,,"R/G/B
0/0/0",,
130,,,경찰서,B0014223,점,,"R/G/B
0/0/0",점,,"R/G/B
0/0/0",점,,"R/G/B
0/0/0",,심볼변경
131,,,"파출소,지서",B0014224,점,,"R/G/B
0/0/0",점,,"R/G/B
0/0/0",점,,"R/G/B
0/0/0",,심볼변경
132,,,"교도소,구치소",B0014225,점,,"R/G/B
0/0/0",점,,"R/G/B
0/0/0",점,,"R/G/B
0/0/0",,
133,,,소년원,B0014226,점,,"R/G/B
0/0/0",점,,"R/G/B
0/0/0",점,,"R/G/B
0/0/0",,
134,,,(기타행정1)미분류,B0014230,점,,,,,,,,,,
135,,,소방서,B0014231,점,,"R/G/B
0/0/0",점,,"R/G/B
0/0/0",점,,"R/G/B
0/0/0",,심볼변경
136,,,보건소,B0014232,점,,"R/G/B
0/0/0",점,,"R/G/B
0/0/0",점,,"R/G/B
0/0/0",,
137,,,세무서,B0014233,점,,"R/G/B
0/0/0",점,,"R/G/B
0/0/0",점,,"R/G/B
0/0/0",,
138,,,세관,B0014234,점,,"R/G/B
0/0/0",점,,"R/G/B
0/0/0",점,,"R/G/B
0/0/0",,
139,,,우체국,B0014235,점,,"R/G/B
0/0/0",점,,"R/G/B
0/0/0",점,,"R/G/B
0/0/0",,
140,,,"기상대, 측후소",B0014236,점,,"R/G/B
0/0/0",점,,"R/G/B
0/0/0",점,,"R/G/B
0/0/0",,
141,,,전화국,B0014237,점,,"R/G/B
0/0/0",점,,"R/G/B
0/0/0",점,,"R/G/B
0/0/0",,
142,,,병무청,B0014238,점,,"R/G/B
0/0/0",점,,"R/G/B
0/0/0",점,,"R/G/B
0/0/0",,
143,,,(기타행정2)미분류,B0014240,점,,,,,,,,,,
144,,,기타관공서,B0014241,점,,"R/G/B
0/0/0",점,,"R/G/B
0/0/0",점,,"R/G/B
0/0/0",,
145,,,농업기술센터,B0014242,점,,"R/G/B
0/0/0",점,,"R/G/B
0/0/0",점,,"R/G/B
0/0/0",,
146,,,지방산림청,B0014243,점,,"R/G/B
0/0/0",점,,"R/G/B
0/0/0",점,,"R/G/B
0/0/0",,심볼변경
147,,,(정부투자기관)미분류,B0014250,점,,,,,,,,,,
148,,,한국전력공사,B0014251,점,,"R/G/B
255/0/0",점,,"R/G/B
255/0/0",점,,"R/G/B
255/0/0",,
149,,,한국수자원공사,B0014253,점,,"R/G/B
0/0/255",점,,"R/G/B
0/0/255",점,,"R/G/B
0/0/255",,
150,,,한국도로공사,B0014254,점,,"R/G/B
0/0/0",점,,"R/G/B
0/0/0",점,,"R/G/B
0/0/0",,
151,,,한국토지주택공사,B0014255,점,,"R/G/B
0/0/0",점,,"R/G/B
0/0/0",점,,"R/G/B
0/0/0",,심볼변경
152,,,한국가스공사,B0014257,점,,"R/G/B
255/0/0",점,,"R/G/B
255/0/0",점,,"R/G/B
255/0/0",,
153,,,한국농어촌공사,B0014258,점,,"R/G/B
0/255/0",점,,"R/G/B
0/255/0",점,,"R/G/B
0/255/0",,
154,,,(공업)미분류,B0014310,점,,,,,,,,,,
155,,,공 장,B0014311,점,,"R/G/B
0/0/0",점,,"R/G/B
0/0/0",점,,"R/G/B
0/0/0",,
156,,,발전소,B0014312,점,,"R/G/B
255/0/0",점,,"R/G/B
255/0/0",점,,"R/G/B
255/0/0",,
157,,,변전소,B0014313,점,,"R/G/B
255/0/0",점,,"R/G/B
255/0/0",점,,"R/G/B
255/0/0",,
158,,,(상업)미분류,B0014320,점,,,점,,,점,,,,
159,,,시장,B0014321,점,,"R/G/B
0/0/0",점,,"R/G/B
0/0/0",점,,"R/G/B
0/0/0",,
160,,,백화점,B0014322,점,,"R/G/B
0/0/0",점,,"R/G/B
0/0/0",점,,"R/G/B
0/0/0",,
161,,,관광음식점,B0014323,점,,"R/G/B
0/0/0",점,,"R/G/B
0/0/0",점,,"R/G/B
0/0/0",,
162,,,시장경계,B0014324,면,,"R/G/B
0/0/255",면,,"R/G/B
0/0/0",면,,"R/G/B
0/0/0",,
163,,,(농업기타)미분류,B0014330,점,,,면,,,면,,,,
164,,,양수장,B0014331,점,,"R/G/B
0/0/255",면,,"R/G/B
0/0/255",면,,"R/G/B
0/0/255",,
165,,,배수장,B0014332,점,,"R/G/B
0/0/255",,,,,,,,
166,,,양배수장,B0014333,점,,"R/G/B
0/0/255",점,,"R/G/B
0/0/255",점,,"R/G/B
0/0/255",,
167,,,취수장,B0014334,점,,"R/G/B
0/0/255",,,,,,,,
168,,,축사,B0014335,점,,"R/G/B
0/0/0",점,,"R/G/B
0/0/0",점,,"R/G/B
0/0/0",,
169,,,종축장,B0014336,점,,"R/G/B
0/0/0",점,,"R/G/B
0/0/0",점,,"R/G/B
0/0/0",,
170,,,도축장,B0014337,점,,"R/G/B
0/0/0",점,,"R/G/B
0/0/0",점,,"R/G/B
0/0/0",,
171,,,정미소,B0014338,점,,"R/G/B
0/0/0",점,,"R/G/B
0/0/0",점,,"R/G/B
0/0/0",,
172,,,정수장,B0014339,점,,"R/G/B
0/0/255",,,,,,,,
173,,,(하수처리)미분류,B0014340,점,,"R/G/B
0/255/0",면,,"R/G/B
0/0/0",면,,"R/G/B
0/0/0",,
174,,,하수종말처리장기호,B0014341,점,,"R/G/B
0/255/0",점,,"R/G/B
0/0/255",점,,"R/G/B
0/0/255",,
175,,,공단폐수처리장기호,B0014342,점,,"R/G/B
0/255/0",점,,"R/G/B
0/0/0",점,,"R/G/B
0/0/0",,
176,,,축산폐수처리장기호,B0014343,점,,"R/G/B
0/255/0",점,,"R/G/B
0/255/0",점,,"R/G/B
0/255/0",,
177,,,농공단지오폐수기호,B0014344,점,,"R/G/B
0/255/0",점,,"R/G/B
255/0/0",점,,"R/G/B
255/0/0",,
178,,,간이오수처리장기호,B0014345,점,,"R/G/B
0/255/0",점,,"R/G/B
165/82/0",점,,"R/G/B
165/82/0",,
179,,,분뇨처리장기호,B0014346,점,,"R/G/B
0/255/0",점,,"R/G/B
0/0/0",점,,"R/G/B
0/0/0",,
180,,,"(교육,체육)미분류",B0014410,점,,,,,,,,,,
181,,,학교,B0014411,점,,"R/G/B
0/0/0",점,,"R/G/B
0/0/0",점,,"R/G/B
0/0/0",,
182,,,"유치원, 유아원",B0014412,점,,"R/G/B
0/0/0",점,,"R/G/B
0/0/0",점,,"R/G/B
0/0/0",,
183,,,도서관,B0014413,점,,"R/G/B
0/0/0",점,,"R/G/B
0/0/0",점,,"R/G/B
0/0/0",,
184,,,실내체육관,B0014414,점,,"R/G/B
0/0/0",점,,"R/G/B
0/0/0",점,,"R/G/B
0/0/0",,
185,,,실내수영장,B0014415,점,,"R/G/B
0/0/255",,,,,,,,
186,,,학원,B0014416,점,,"R/G/B
0/0/0",점,,"R/G/B
0/0/0",점,,"R/G/B
0/0/0",,
187,,,기숙사,B0014417,점,,"R/G/B
0/0/0",점,,"R/G/B
0/0/0",점,,"R/G/B
0/0/0",,
188,,,(문화종교)미분류,B0014420,점,,,,,,,,,,
189,,,교회,B0014421,점,,"R/G/B
0/0/0",점,,"R/G/B
0/0/0",점,,"R/G/B
0/0/0",,
190,,,성당,B0014422,점,,"R/G/B
0/0/0",점,,"R/G/B
0/0/0",점,,"R/G/B
0/0/0",,
191,,,절,B0014423,점,,"R/G/B
0/0/0",점,,"R/G/B
0/0/0",점,,"R/G/B
0/0/0",,
192,,,기타종교시설,B0014424,점,,"R/G/B
255/0/0",점,,"R/G/B
0/0/0",점,,"R/G/B
0/0/0",,
193,,,박물관,B0014425,점,,"R/G/B
0/0/0",점,,"R/G/B
0/0/0",점,,"R/G/B
0/0/0",,
194,,,미술관,B0014426,점,,"R/G/B
0/0/0",점,,"R/G/B
0/0/0",점,,"R/G/B
0/0/0",,
195,,,공회당,B0014427,점,,"R/G/B
0/0/0",점,,"R/G/B
0/0/0",점,,"R/G/B
0/0/0",,
196,,,(언론기관)미분류,B0014430,점,,,,,,,,,,
197,,,TV방송국,B0014431,점,,"R/G/B
0/0/0",점,,"R/G/B
0/0/0",점,,"R/G/B
0/0/0",,심볼변경
198,,,라디오 방송국,B0014432,점,,"R/G/B
0/0/0",점,,"R/G/B
0/0/0",점,,"R/G/B
0/0/0",,
199,,,신문사,B0014433,점,,"R/G/B
0/0/0",점,,"R/G/B
0/0/0",점,,"R/G/B
0/0/0",,
200,,,잡지사,B0014434,점,,"R/G/B
0/0/0",점,,"R/G/B
0/0/0",점,,"R/G/B
0/0/0",,
201,,,CATV방송국,B0014435,점,,"R/G/B
0/0/0",점,,"R/G/B
0/0/0",점,,"R/G/B
0/0/0",,
202,,,(숙박)미분류,B0014510,점,,,,,,,,,,
203,,,호텔,B0014511,점,,"R/G/B
0/0/0",점,,"R/G/B
0/0/0",점,,"R/G/B
0/0/0",,
204,,,여관,B0014512,점,,"R/G/B
0/0/0",점,,"R/G/B
0/0/0",점,,"R/G/B
0/0/0",,
205,,,콘도미니엄,B0014513,점,,"R/G/B
0/0/0",점,,"R/G/B
0/0/0",점,,"R/G/B
0/0/0",,
206,,,목욕탕,B0014514,점,,"R/G/B
255/0/0",점,,"R/G/B
255/0/0",점,,"R/G/B
255/0/0",,
207,,,"(운수,창고)미분류",B0014520,점,,,,,,,,,,
208,,,역,B0014521,점,,,점,,"R/G/B
0/0/0",점,,"R/G/B
0/0/0",,
209,,,고속버스터미널,B0014522,점,,"R/G/B
0/0/0",점,,"R/G/B
0/0/0",점,,"R/G/B
0/0/0",,
210,,,시외버스터미널,B0014523,점,,"R/G/B
0/0/0",점,,"R/G/B
0/0/0",점,,"R/G/B
0/0/0",,
211,,,창고,B0014524,점,,"R/G/B
0/0/0",점,,"R/G/B
0/0/0",점,,"R/G/B
0/0/0",,
212,,,공항,B0014525,점,,"R/G/B
0/0/0",점,,"R/G/B
0/0/0",점,,"R/G/B
0/0/0",,
213,,,자동차정비수리소,B0014526,점,,"R/G/B
0/0/255",점,,"R/G/B
0/0/255",점,,"R/G/B
0/0/255",,
214,,,세차장,B0014527,점,,"R/G/B
0/0/255",점,,"R/G/B
0/0/255",점,,"R/G/B
0/0/255",,
215,,,"(금융,조합)미분류",B0014530,점,,"R/G/B
0/0/0",,,,,,,,
216,,,은행,B0014531,점,,"R/G/B
0/0/0",점,,"R/G/B
0/0/0",점,,"R/G/B
0/0/0",,
217,,,협동조합,B0014532,점,,"R/G/B
0/0/0",점,,"R/G/B
0/0/0",점,,"R/G/B
0/0/0",,
218,,,기타금융기관,B0014533,점,,"R/G/B
0/0/0",점,,"R/G/B
0/0/0",점,,"R/G/B
0/0/0",,
219,,,보험회사,B0014534,점,,"R/G/B
0/0/0",점,,"R/G/B
0/0/0",점,,"R/G/B
0/0/0",,
220,,,(병원)미분류,B0014610,점,,"R/G/B
0/0/0",점,,"R/G/B
0/0/0",점,,"R/G/B
0/0/0",,
221,,,일반병원,B0014611,점,,"R/G/B
0/0/0",,,,,,,,
222,,,결핵병원,B0014612,점,,"R/G/B
0/0/0",,,,,,,,
223,,,나병원,B0014613,점,,"R/G/B
0/0/0",,,,,,,,
224,,,정신병원,B0014614,점,,"R/G/B
0/0/0",,,,,,,,
225,,,약국,B0014615,점,,"R/G/B
0/255/0",점,,"R/G/B
0/255/0",점,,"R/G/B
0/255/0",,
226,,,(아동복지시설)미분류,B0014620,점,,,점,,"R/G/B
0/0/0",점,,"R/G/B
0/0/0",,
227,,,유아시설,B0014621,점,,,,,,,,,,
228,,,아동상담소,B0014622,점,,"R/G/B
0/0/0",,,,,,,,
229,,,자립지원시설,B0014623,점,,"R/G/B
0/0/0",,,,,,,,
230,,,탁아시설,B0014624,점,,"R/G/B
0/0/0",,,,,,,,
231,,,영아시설,B0014625,점,,"R/G/B
0/0/0",,,,,,,,
232,,,아동일시보호시설,B0014626,점,,"R/G/B
0/0/0",,,,,,,,
233,,,아동직업보도시설,B0014627,점,,"R/G/B
0/0/0",,,,,,,,
234,,,(사회복지시설)미분류,B0014630,점,,,점,,"R/G/B
0/0/0",점,,"R/G/B
0/0/0",,
235,,,양로시설,B0014631,점,,"R/G/B
0/0/0",,,,,,,,
236,,,장애인재활시설,B0014632,점,,"R/G/B
0/0/0",,,,,,,,
237,,,모자보호시설,B0014633,점,,"R/G/B
0/0/0",,,,,,,,
238,,,미혼모시설,B0014634,점,,"R/G/B
0/0/0",,,,,,,,
239,,,노인복지회관,B0014635,점,,"R/G/B
0/0/0",,,,,,,,
240,,,부녀복지관,B0014636,점,,"R/G/B
0/0/0",,,,,,,,
241,,,사회복지관,B0014637,점,,"R/G/B
0/0/0",,,,,,,,
242,,담장,담장(미분류),B0020000,,,,,,,,,,선,
243,,,(담장)미분류,B0024120,선,,,선,,,선,,,,
244,,,콘크리트돌담,B0024121,선,,"R/G/B
0/0/0",선,,"R/G/B
0/0/0",선,,"R/G/B
0/0/0",,
245,,,판자담,B0024122,선,,"R/G/B
0/0/0",선,,"R/G/B
0/0/0",선,,"R/G/B
0/0/0",,
246,,,생울타리,B0024123,선,,"R/G/B
0/255/0",선,,"R/G/B
0/255/0",선,,"R/G/B
0/255/0",,
247,,,흙담,B0024124,선,,"R/G/B
0/0/0",선,,"R/G/B
0/0/0",선,,"R/G/B
0/0/0",,
248,,,철조망,B0024125,선,,"R/G/B
0/0/0",선,,"R/G/B
0/0/0",선,,"R/G/B
0/0/0",,
249,,,철책,B0024126,선,,"R/G/B
0/0/0",선,,"R/G/B
0/0/0",선,,"R/G/B
0/0/0",,
250,,,문주,B0024127,면,,"R/G/B
0/0/0",면,,"R/G/B
0/0/0",면,,"R/G/B
0/0/0",,
251,시설,댐,댐(미분류),C0010000,,,,,,,,,,면,
252,,,댐 (상단),C0012216,선,,"R/G/B
255/0/0",면,,"R/G/B
255/0/0",면,,"R/G/B
255/0/0",,
253,,,댐 (하단),C0012217,선,,"R/G/B
255/0/0",선,,"R/G/B
255/0/0",선,,"R/G/B
255/0/0",,
254,,부두,기중기,C0025336,면,,"R/G/B
0/0/0",면,,"R/G/B
0/0/0",면,,"R/G/B
0/0/0",면,
255,,선착장,선착장,C0032254,면,,"R/G/B
0/0/0",점,,"R/G/B
0/0/0",점,,"R/G/B
0/0/0",면,
256,,선거,선거,C0040000,,,,,,,,,,면,
257,,제방,제방(미분류),C0050000,,,,,,,,,,선,
258,,,(제방)미분류,C0052210,선,,,선,,,선,,,,
259,,,콘크리트제방(상단),C0052211,선,,"R/G/B
255/0/0",선,,"R/G/B
255/0/0",선,,"R/G/B
255/0/0",,
260,,,콘크리트제방(하단),C0052212,선,,"R/G/B
255/0/0",선,,"R/G/B
255/0/0",선,,"R/G/B
255/0/0",,
261,,,흙제방(상단),C0052213,선,,"R/G/B
255/0/0",선,,"R/G/B
255/0/0",선,,"R/G/B
255/0/0",,
262,,,흙제방(하단),C0052214,선,,"R/G/B
255/0/0",선,,"R/G/B
255/0/0",선,,"R/G/B
255/0/0",,
263,,,기호제방,C0052215,선,,"R/G/B
165/82/0",,,,,,,,
264,,,(방조제)미분류,C0052220,선,,,,,,,,,,
265,,,콘크리트방조제(상단),C0052221,선,,"R/G/B
255/0/0",,,,,,,,
266,,,콘크리트방조제(하단),C0052222,선,,"R/G/B
255/0/0",,,,,,,,
267,,,흙방조제(상단),C0052223,선,,"R/G/B
255/0/0",,,,,,,,
268,,,흙방조제(하단),C0052224,선,,"R/G/B
255/0/0",,,,,,,,
269,,,기호방조제,C0052225,선,,"R/G/B
255/0/0",,,,,,,,
270,,,(방파제)미분류,C0052230,선,,,,,,,,,,
271,,,방파제 (상단),C0052231,선,,"R/G/B
255/0/0",선,,"R/G/B
255/0/0",선,,"R/G/B
255/0/0",,
272,,,방파제 (하단),C0052232,선,,"R/G/B
255/0/0",선,,"R/G/B
255/0/0",선,,"R/G/B
255/0/0",,
273,,,소파블럭,C0052233,면,,"R/G/B
0/0/0",면,,"R/G/B
0/0/0",면,,"R/G/B
0/0/0",,
274,,,기호방파제,C0052234,선,,"R/G/B
0/0/0",,,,,,,,
275,,수문,수문(미분류),C0060000,,,,,,,,,,선,
276,,,(수문)미분류,C0062240,점,,,,,,,,,,
277,,,수문,C0062241,점,,"R/G/B
0/0/255",면,,"R/G/B
255/0/0",면,,"R/G/B
255/0/0",,
278,,,배수갑문,C0062242,선,,"R/G/B
165/82/0",,,,,,,,
279,,,보,C0062243,선,,"R/G/B
255/0/0",선/면,,"R/G/B
255/0/0",선/면,,"R/G/B
255/0/0",,
280,,암거,암거(미분류),C0070000,,,,,,,,,,선,
281,,,(배수시설)미분류,C0076110,선,,,,,,,,,,
282,,,암거,C0076116,선,,"R/G/B
0/0/0",선,,"R/G/B
0/0/0",선,,"R/G/B
0/0/0",,
283,,,측구,C0076117,선,,"R/G/B
0/0/0",,,,,,,,
284,,잔교,잔교(미분류),C0080000,,,,,,,,,,선,
285,,,잔교(미분류),C0082250,"면,선",,,,,,,,,,
286,,,잔교(콘크리트),C0082251,"면,선",,"R/G/B
0/0/0",면,,"R/G/B
0/0/0",면,,"R/G/B
0/0/0",,
287,,,잔교(목재),C0082252,"면,선",,"R/G/B
0/0/0",,,,,,,,
288,,,잔교(떠있는것),C0082253,면,,,,,,,,,,
289,,우물/약수터,우물/약수터(미분류),C0090000,,,,,,,,,,점,
290,,,지하수(미분류),C0096310,점,,,점,,,점,,,,
291,,,우물,C0096311,점,,"R/G/B
0/0/255",점,,"R/G/B
0/0/255",점,,"R/G/B
0/0/255",,
292,,관정,관정,C0106312,점,,"R/G/B
0/0/255",점,,"R/G/B
0/0/255",점,,"R/G/B
0/0/255",점,
293,,분수,분수,C0116313,점,,"R/G/B
0/0/255",점,,"R/G/B
0/0/255",점,,"R/G/B
0/0/255",점,
294,,온천,온천,C0125335,점,,"R/G/B
0/0/255",점,,"R/G/B
0/0/255",점,,"R/G/B
0/0/255",점,
295,,양식장,양식장(미분류),C0130000,,,,,,,,,,점,
296,,,양어장,C0132327,점,,"R/G/B
0/0/255",,,,,,,,
297,,,양식장기호,C0136357,점,,"R/G/B
0/0/255",점,,"R/G/B
0/0/255",점,,"R/G/B
0/0/255",,
298,,,양식장경계,C0136358,면,,"R/G/B
0/0/255",면,,"R/G/B
0/0/255",면,,"R/G/B
0/0/255",,
299,,낚시터,낚시터,C0142263,점,,"R/G/B
0/0/255",점,,"R/G/B
0/0/255",점,,"R/G/B
0/0/255",점,
300,,해수욕장,해수욕장기호,C0152261,점,,"R/G/B
255/0/0",점,,"R/G/B
255/0/0",점,,"R/G/B
255/0/0",점,
301,,등대,등대(미분류),C0160000,,,,,,,,,,점,
302,,,등대(유간수),C0166233,점,,"R/G/B
0/0/0",점,,"R/G/B
0/0/0",점,,"R/G/B
0/0/0",,
303,,,등대(무간수),C0166234,점,,"R/G/B
0/0/0",점,,"R/G/B
0/0/0",점,,"R/G/B
0/0/0",,
304,,,항공등대,C0166235,점,,,점,,"R/G/B
0/0/0",점,,"R/G/B
0/0/0",,
305,,저장조,저장조(미분류),C0170000,,,,,,,,,,면,
306,,,(저장시설)미분류,C0176320,점,,,면,,"R/G/B
0/0/0",면,,"R/G/B
0/0/0",,
307,,,저수조,C0176321,점,,,,,,,,,,
308,,,저유조,C0176322,점,,,,,,,,,,
309,,,기타저장조,C0176323,점,,,,,,,,,,
310,,탱크,탱크,C0186115,선,,"R/G/B
0/0/0",,,,,,,면,
311,,광산,광산(미분류),C0190000,,,,,,,,,,점,
312,,,(광산)미분류,C0195330,점,,,,,,,,,,
313,,,광산,C0195334,점,,"R/G/B
0/0/0",점,,"R/G/B
0/0/0",점,,"R/G/B
0/0/0",,
314,,적치장,적치장(미분류),C0200000,,,,,,,,,,점,
315,,,적치장,C0200120,,,,면,,"R/G/B
0/0/0",면,,"R/G/B
0/0/0",,
316,,,(매립 기타)미분류,C0205340,점,,,,,,,,,,
317,,,공지,C0205341,점,,,점,,"R/G/B
165/82/0",점,,"R/G/B
165/82/0",,
318,,,적치장,C0205342,점,,,점,,"R/G/B
0/0/0",점,,"R/G/B
0/0/0",,
319,,,토사매립지,C0205343,점,,,점,,"R/G/B
0/0/0",점,,"R/G/B
0/0/0",,
320,,,폐기물매립지,C0205344,점,,,,,,,,,,
321,,,쓰레기매립지,C0205345,면,,,면,,"R/G/B
0/0/0",면,,"R/G/B
0/0/0",,
322,,채취장,채취장(미분류),C0210000,,,,,,,,,,점,
323,,,채취장,C0210140,,,,면,,"R/G/B
0/0/0",면,,"R/G/B
0/0/0",,
324,,,채석장,C0215331,점,,"R/G/B
0/0/0",,,,,,,,
325,,,토취장,C0215332,점,,"R/G/B
0/0/0",,,,,,,,
326,,,골재채취장,C0215333,점,,"R/G/B
0/0/0",점,,"R/G/B
0/0/0",점,,"R/G/B
0/0/0",,
327,,조명,조명(미분류),C0220000,,,,,,,,,,점,
328,,,보조지지주,C0220205,,,,,,,점,,"R/G/B
0/0/0",,
329,,,가로등,C0223367,점,,"R/G/B
0/0/0",,,,점,,"R/G/B
0/0/0",,
330,,,(조명)미분류,C0226230,점,,,,,,,,,,
331,,,조명등,C0226231,점,,,,,,,,,,
332,,,방범등,C0226232,점,,,,,,점,,"R/G/B
0/0/0",,
333,,전력주/통신주,전력주/통신주(미분류),C0230000,,,,,,,,,,점,
334,,,(전주)미분류,C0236240,점,,,,,,,,,,
335,,,전화주,C0236241,점,,,,,,점,,"R/G/B
0/0/0",,
336,,,전력주,C0236242,점,,,,,,점,,"R/G/B
0/0/0",,
337,,,유선주,C0236243,점,,,,,,,,,,
338,,,공동주,C0236244,점,,,,,,점,,"R/G/B
0/0/0",,
339,,맨홀,맨홀(미분류),C0240000,,,,,,,,,,점,
340,,,지역난방맨홀,C0240016,,,,,,,점,,"R/G/B
255/0/0",,
341,,,송유맨홀,C0240017,,,,,,,점,,"R/G/B
255/0/0",,
342,,,(수송관-지상)미분류,C0246120,선,,,선,,"R/G/B
255/0/0",선,,"R/G/B
255/0/0",,
343,,,(수송관-지상)상수도,C0246121,선,,,선,,"R/G/B
0/0/255",선,,"R/G/B
0/0/255",,
344,,,(수송관-지상)하수도,C0246122,선,,,,,,,,,,
345,,,(수송관-지상)송유관,C0246123,선,,,선,,"R/G/B
255/0/0",선,,"R/G/B
255/0/0",,
346,,,(수송관-지상)가스관,C0246124,선,,,선,,"R/G/B
255/0/0",선,,"R/G/B
255/0/0",,
347,,,(수송관-지상)송전선,C0246125,선,,,선,,"R/G/B
255/0/0",선,,"R/G/B
255/0/0",,
348,,,(수송관-지상)통신선,C0246126,선,,,,,,,,,,
349,,,(수송관-지하)미분류,C0246130,선,,,,,,,,,,
350,,,(수송관-지하)상수도,C0246131,선,,,,,,,,,,
351,,,(수송관-지하)하수도,C0246132,선,,,,,,,,,,
352,,,(수송관-지하)송유관,C0246133,선,,,,,,,,,,
353,,,(수송관-지하)가스관,C0246134,선,,,,,,,,,,
354,,,(수송관-지하)송전선,C0246135,선,,,,,,,,,,
355,,,(수송관-지하)통신선,C0246136,선,,,,,,,,,,
356,,,(맨홀)미분류,C0246340,점,,,,,,점,,"R/G/B
0/0/0",,
357,,,(맨홀)공동구 ,C0246341,점,,,,,,점,,"R/G/B
0/0/0",,
358,,,(맨홀)가스관,C0246342,점,,,,,,점,,"R/G/B
255/0/0",,
359,,,(맨홀)전화,C0246343,점,,,,,,점,,"R/G/B
0/255/0",,
360,,,(맨홀)전기,C0246344,점,,,,,,점,,"R/G/B
255/0/0",,
361,,,(맨홀)하수,C0246345,점,,,,,,점,,"R/G/B
0/0/255",,
362,,,(맨홀)상수,C0246346,점,,,,,,점,,"R/G/B
0/0/255",,
363,,,(맨홀)통신선,C0246347,점,,,,,,점,,"R/G/B
0/255/0",,
364,,소화전,소화전(미분류),C0250000,,,,,,,,,,점,
365,,,소화전,C0256324,점,,,,,,점,,"R/G/B
255/0/0",,
366,,,소화전(입상),C0256325,점,,,,,,,,,,
367,,관측소,관측소(미분류),C0260000,,,,,,,,,,점,
368,,,(관측소)미분류,C0266330,점,,,점,,청,점,,청,,
369,,,수위관측소,C0266331,점,,"R/G/B
0/0/255",,,,,,,,
370,,,유량관측소,C0266332,점,,"R/G/B
0/0/255",,,,,,,,
371,,,우량관측소,C0266333,점,,"R/G/B
0/0/255",,,,,,,,
372,,,수질관측소,C0266334,점,,"R/G/B
0/0/255",,,,,,,,
373,,,파랑관측소,C0266335,점,,"R/G/B
255/0/0",,,,,,,,
374,,,"풍향,풍속관측소",C0266336,점,,,,,,,,,,
375,,,대기오염관측소,C0266337,점,,,,,,,,,,
376,,야영지,야영지,C0270000,,,,,,,,,,면,
377,,묘지,묘지,C0285311,점,,"R/G/B
0/0/0",점,,"R/G/B
0/0/0",점,,"R/G/B
0/0/0",점,
378,,묘지계,묘지계(미분류),C0290000,,,,,,,,,,면,
379,,,묘지계,C0295113,점,,"R/G/B
0/0/0",,,,,,,,
380,,,공동묘지,C0295312,점,,"R/G/B
0/0/0",면,,"R/G/B
0/0/0",면,,"R/G/B
0/0/0",,
381,,,능묘,C0295313,점,,"R/G/B
0/0/0",면,,"R/G/B
0/0/0",면,,"R/G/B
0/0/0",,
382,,유적지,유적지,C0305316,점,,"R/G/B
255/0/0",점,,"R/G/B
255/0/0",점,,"R/G/B
255/0/0",점,
383,,문화재,문화재(미분류),C0310000,,,,,,,,,,점,
384,,,(문화)미분류,C0315310,점,,,,,,,,,,
385,,,명승고적,C0315314,점,,"R/G/B
0/0/0",,,,,,,,
386,,성,성,C0325315,선,,"R/G/B
0/0/0",선,,"R/G/B
0/0/0",선,,"R/G/B
0/0/0",선,
387,,비석/기념비,비석/기념비(미분류),C0330000,,,,,,,,,,점,
388,,,(목표물기호1)미분류,C0336210,점,,,,,,,,,,
389,,,기념비,C0336211,점,,"R/G/B
255/0/0",점,,"R/G/B
255/0/0",점,,"R/G/B
255/0/0",,
390,,,묘비,C0336212,점,,,점,,"R/G/B
255/0/0",점,,"R/G/B
255/0/0",,
391,,탑,탑(미분류),C0340000,,,,,,,,,,점,
392,,,조명탑,C0340032,,,,면,,"R/G/B
255/0/0",면,,"R/G/B
255/0/0",,
393,,,시계탑,C0340325,,,,점,,"R/G/B
0/0/0",점,,"R/G/B
0/0/0",,
394,,,(탑)미분류,C0346220,점,,,면,,"R/G/B
0/0/0",면,,"R/G/B
0/0/0",,
395,,,소방탑,C0346221,점,,"R/G/B
0/0/255",,,,,,,,
396,,,저수탑,C0346222,점,,"R/G/B
0/0/255",면,,"R/G/B
0/0/255",면,,"R/G/B
0/0/255",,
397,,,취수탑,C0346223,점,,"R/G/B
0/0/255",면,,"R/G/B
0/0/255",면,,"R/G/B
0/0/255",,
398,,,전파탑,C0346224,점,,"R/G/B
255/0/0",점,,"R/G/B
255/0/0",점,,"R/G/B
255/0/0",,
399,,,송전탑,C0346225,면,,"R/G/B
255/0/0",면,,"R/G/B
255/0/0",면,,"R/G/B
255/0/0",,
400,,,급수탑,C0346226,면,,,면,,,면,,,,
401,,동상,동상(미분류),C0350000,,,,,,,,,,점,
402,,,동상,C0356213,점,,"R/G/B
255/0/0",점,,"R/G/B
0/0/0",점,,"R/G/B
0/0/0",,
403,,,석등,C0356214,점,,,점,,"R/G/B
0/0/0",점,,"R/G/B
0/0/0",,
404,,공중전화,공중전화,C0363361,점,,,,,,점,,"R/G/B
0/0/0",점,
405,,우체통,우체통,C0373362,점,,,,,,점,,"R/G/B
0/0/0",점,
406,,놀이시설,놀이시설(미분류),C0380000,,,,,,,,,,점,
407,,,놀이시설,C0380100,,,,면,,"R/G/B
0/0/0",면,,"R/G/B
0/0/0",,
408,,,수영장,C0380110,,,,면,,"R/G/B
0/0/255",면,,"R/G/B
0/0/255",,
409,,,"(레저,스포츠)미분류",C0382260,점,,,면,,,면,,,,
410,,,수영장기호,C0382262,점,,"R/G/B
0/0/255",점,,"R/G/B
0/0/255",점,,"R/G/B
0/0/255",,
411,,,(체육시설)미분류,C0385320,면,,,,,,,,,,
412,,,골프장,C0385321,점,,"R/G/B
255/0/0",점,,"R/G/B
255/0/0",점,,"R/G/B
255/0/0",,
413,,,테니스장,C0385322,점,,"R/G/B
0/0/0",점,,"R/G/B
0/0/0",점,,"R/G/B
0/0/0",,
414,,,운동장,C0385323,점,,"R/G/B
0/0/0",점,,"R/G/B
0/0/0",점,,"R/G/B
0/0/0",,
415,,,어린이놀이터,C0385324,점,,"R/G/B
0/0/0",점,,"R/G/B
0/0/0",점,,"R/G/B
0/0/0",,
416,,,스키장,C0385325,점,,"R/G/B
0/0/0",점,,"R/G/B
0/0/0",점,,"R/G/B
0/0/0",,심볼변경
417,,,야외수영장,C0386356,점,,"R/G/B
0/0/255",,,,,,,,
418,,계단,계단(미분류),C0390000,,,,,,,,,,면,
419,,,스텐드,C0390130,,,,면,,"R/G/B
0/0/0",면,,"R/G/B
0/0/0",,
420,,,계단,C0393323,면,,"R/G/B
0/0/0",면,,"R/G/B
0/0/0",면,,"R/G/B
0/0/0",,
421,,게시판,게시판(미분류),C0403360,,,,,,,,,,점,
422,,,게시판,C0403366,점,,,,,,점,,"R/G/B
0/0/0",,
423,,,광고판,C0403426,점,,,,,,점,,"R/G/B
0/0/0",,
424,,표지,표지(미분류),C0410000,,,,,,,,,,점,
425,,,이정표,C0412258,점,,,,,,,,,,
426,,,(표지)미분류,C0413420,점,,,,,,,,,,
427,,,도로정보판,C0413421,점,,,,,,,,,,
428,,,안내표지,C0413422,점,,,,,,점,,"R/G/B
0/0/0",,
429,,,지시표지,C0413423,점,,,,,,점,,"R/G/B
0/0/0",,
430,,,규제표지,C0413424,점,,,,,,점,,"R/G/B
255/0/0",,
431,,,주의표지,C0413425,점,,,,,,점,,"R/G/B
255/0/0",,
432,,주유소,주유소,C0423365,점,,"R/G/B
0/0/0",점,,"R/G/B
0/0/0",점,,"R/G/B
0/0/0",점,
433,,주차장,주차장(미분류),C0430000,,,,,,,,,,면,
434,,,주차장경계,C0430230,,,,선,,"R/G/B
0/0/0",선,,"R/G/B
0/0/0",,
435,,,주차장,C0433364,점,,"R/G/B
0/0/0",점,,"R/G/B
0/0/0",점,,"R/G/B
0/0/0",,
436,,휴게소,휴게소,C0443363,점,,"R/G/B
0/0/0",점,,"R/G/B
0/0/0",점,,"R/G/B
0/0/0",점,
437,,지하도,지하도,C0453322,면,,"R/G/B
0/0/0",면,,"R/G/B
0/0/0",면,,"R/G/B
0/0/0",면,
438,,지하도입구,지하도입구,C0463374,면,,"R/G/B
0/0/0",면,,"R/G/B
0/0/0",면,,"R/G/B
0/0/0",선,
439,,지하환기구,지하환기구(미분류),C0471220,,,,,,,,,,면,
440,,,지하철 환기통,C0471223,면,,"R/G/B
0/0/0",,,,,,,,
441,,,지하환기구,C0476355,면,,,면,,"R/G/B
0/0/0",면,,"R/G/B
0/0/0",,
442,,굴뚝,굴뚝,C0486353,점,,"R/G/B
0/0/0",점,,"R/G/B
0/0/0",점,,"R/G/B
0/0/0",점,
443,,신호등,신호등,C0493376,점,,,,,,점,,"R/G/B
0/0/0",점,
444,,차단기,차단기(미분류),C0500000,,,,,,,,,,점,
445,,,건널목차단기,C0503375,,,,,,,점,,"R/G/B
0/0/0",,
446,,,가로등제어기,C0503377,,,,,,,점,,"R/G/B
0/0/0",,
447,,,신호등제어기,C0503378,,,,,,,점,,"R/G/B
0/255/0",,
448,,,전기제어기,C0503379,,,,,,,점,,"R/G/B
255/0/0",,
449,,도로반사경,도로반사경,C0513369,점,,,,,,점,,"R/G/B
255/0/0",점,
450,,도로분리대,도로분리대(미분류),C0520000,,,,,,,,,,면,
451,,,(도로분리대)미분류,C0523120,선,,,,,,,,,,
452,,,도로분리대,C0523121,선,,"R/G/B
255/0/0",면,,"R/G/B
255/0/0",면,,"R/G/B
255/0/0",,
453,,방지책,방지책(미분류),C0530000,,,,,,,,,,선,
454,,,(구조물)미분류,C0536110,선,,,선,,,선,,,,
455,,,낙서방지책,C0536111,선,,,선,,"R/G/B
0/0/0",선,,"R/G/B
0/0/0",,
456,,,방호벽,C0536112,선,,,선,,"R/G/B
0/0/0",선,,"R/G/B
0/0/0",,
457,,,차광책,C0536113,선,,,선,,"R/G/B
0/0/0",선,,"R/G/B
0/0/0",,
458,,,소음방지책,C0536114,선,,,선,,"R/G/B
0/0/0",선,,"R/G/B
0/0/0",,
459,,,기타콘크리트구조물,C0536117,선,,"R/G/B
0/0/0",면/선,,"R/G/B
0/0/0",면/선,,"R/G/B
0/0/0",,
460,,,가드레일,C0536118,선,,,선,,"R/G/B
0/0/0",선,,"R/G/B
0/0/0",,
461,,,가드펜스,C0536119,선,,,선,,"R/G/B
0/0/0",선,,"R/G/B
0/0/0",,
462,,요금징수소,요금징수소,C0540000,,,,,,,,,,점,
463,,헬기장,헬기장,C0556354,점,,"R/G/B
255/0/0",점,,"R/G/B
255/0/0",점,,"R/G/B
255/0/0",점,
464,식생,경지계,경지계(미분류),D0010000,,,,,,,,,,면,
465,,,경지계,D0015112,선,,"R/G/B
0/255/0",면,,"R/G/B
0/255/0",면,,"R/G/B
0/255/0",,
466,,,(경작지)미분류,D0015210,점,,,,,,,,,,
467,,,논,D0015211,점,,"R/G/B
0/0/255",점,,"R/G/B
0/0/255",점,,"R/G/B
0/0/255",,심볼변경
468,,,밭,D0015212,점,,"R/G/B
0/255/0",점,,"R/G/B
0/255/0",점,,"R/G/B
0/255/0",,
469,,,과수원,D0015213,점,,"R/G/B
0/255/0",점,,"R/G/B
0/255/0",점,,"R/G/B
0/255/0",,
470,,,(조경)미분류,D0015220,점,,,면/선,,,면/선,,,,
471,,,잔디 ,D0015221,점,,,점,,"R/G/B
0/255/0",점,,"R/G/B
0/255/0",,
472,,,화단,D0015222,점,,,점,,"R/G/B
0/255/0",점,,"R/G/B
0/255/0",,
473,,,정원수,D0015223,점,,,점,,"R/G/B
0/255/0",점,,"R/G/B
0/255/0",,
474,,지류계,지류계(미분류),D0020000,,,,,,,,,,면,
475,,,"화단,가로수 보호대",D0023371,선,,,,,,,,,,
476,,,가로수,D0023372,점,,"R/G/B
0/255/0",,,,점,,"R/G/B
0/255/0",,
477,,,(지류경계)미분류,D0025110,선,,,선,,"R/G/B
0/0/0",선,,"R/G/B
0/0/0",,
478,,,지류계,D0025111,선,,"R/G/B
0/255/0",,,,,,,,
479,,,산림계,D0025114,점,,,,,,,,,,
480,,,기타경계,D0025115,점,,"R/G/B
0/0/0",,,,,,,,
481,,,황무지,D0025215,점,,"R/G/B
165/82/0",점,,"R/G/B
165/82/0",점,,"R/G/B
165/82/0",,
482,,,조림지,D0025216,점,,"R/G/B
0/255/0",점,,"R/G/B
0/255/0",점,,"R/G/B
0/255/0",,
483,,,(산림)미분류,D0025230,점,,,면,,"R/G/B
0/255/0",면,,"R/G/B
0/255/0",,
484,,,활엽수 ,D0025231,점,,"R/G/B
0/255/0",점,,"R/G/B
0/255/0",점,,"R/G/B
0/255/0",,
485,,,침엽수,D0025232,점,,"R/G/B
0/255/0",점,,"R/G/B
0/255/0",점,,"R/G/B
0/255/0",,
486,,,혼합림,D0025233,점,,"R/G/B
0/255/0",점,,"R/G/B
0/255/0",점,,"R/G/B
0/255/0",,
487,,,대나무숲,D0025234,점,,"R/G/B
0/255/0",점,,"R/G/B
0/255/0",점,,"R/G/B
0/255/0",,
488,,독립수,독립수(미분류),D0030000,,,,,,,,,,점,
489,,,독립수(활엽수),D0036351,점,,"R/G/B
0/255/0",점,,"R/G/B
0/255/0",점,,"R/G/B
0/255/0",,
490,,,독립수(침엽수),D0036352,점,,"R/G/B
0/255/0",점,,"R/G/B
0/255/0",점,,"R/G/B
0/255/0",,
491,,목장,목장(미분류),D0040000,,,,,,,,,,면,
492,,,목장및방목경계,D0040001,,,,면,,"R/G/B
0/0/0",면,,"R/G/B
0/0/0",,
493,,,목초지,D0045214,점,,"R/G/B
0/255/0",점,,"R/G/B
0/255/0",점,,"R/G/B
0/255/0",,
494,수계,하천경계,하천경계,E0010001,,,,선,,,선,,,면,
495,,하천중심선,하천중심선(미분류),E0020000,,,,,,,,,,선,
496,,,(하천)미분류,E0022110,선,,,선,,,선,,,,
497,,,하천중심선,E0022115,선,,"R/G/B
0/0/0",선,,"R/G/B
0/0/0",선,,"R/G/B
0/0/0",,
498,,,세류,E0022112,선,,"R/G/B
0/0/255",선,,"R/G/B
0/0/255",선,,"R/G/B
0/0/255",,
499,,,건천,E0022113,선,,"R/G/B
0/0/255",선,,"R/G/B
0/0/255",선,,"R/G/B
0/0/255",,
500,,실폭하천,실폭하천,E0032111,선,,"R/G/B
0/0/255",,,,,,,면,
501,,유수방향,유수방향,E0042326,점,,"R/G/B
0/0/255",,,,,,,점,
502,,호수/저수지,"호수, 저수지",E0052114,면,,"R/G/B
0/0/255",면,,"R/G/B
0/0/255",면,,"R/G/B
0/0/255",면,
503,,용수로,용수로(미분류),E0060000,,,,,,,,,,선,
504,,,(용수로)미분류,E0062270,선,,,,,,,,,,
505,,,공업용수로(지상),E0062271,선,,"R/G/B
0/0/255",선,,"R/G/B
0/0/255",선,,"R/G/B
0/0/255",,
506,,,공업용수로(지하),E0062272,선,,"R/G/B
0/0/255",,,,,,,,
507,,,농업용수로(지상),E0062273,선,,"R/G/B
0/0/255",,,,,,,,
508,,,농업용수로(지하),E0062274,선,,"R/G/B
0/0/255",,,,,,,,
509,,,도수터널,E0062275,선,,"R/G/B
0/0/255",,,,,,,,
510,,폭포,폭포,E0072325,점,,"R/G/B
0/0/255",점,,"R/G/B
0/0/255",점,,"R/G/B
0/0/255",점,
511,,해안선,해안선(미분류),E0080000,,,,,,,,,,선,
512,,,(바다)미분류,E0082120,선,,,,,,,,,,
513,,,해안선(육지),E0082121,선,,"R/G/B
0/0/255",선,,"R/G/B
0/0/255",선,,"R/G/B
0/0/255",,
514,,,해안선(섬),E0082122,면,,"R/G/B
0/0/255",선,,"R/G/B
0/0/255",선,,"R/G/B
0/0/255",,
515,,등심선,등심선,E0082123,선,,"R/G/B
0/255/255",,,,,,,선,신설
516,,,등심선 수치,E0082124,점,,"R/G/B
0/255/255",,,,,,,,신설
517,지형,등고선,등고선(미분류),F0010000,,,,,,,,,,선,
518,,,(볼록지)미분류,F0017110,선,,,,,,,,,,
519,,,(볼록지)주곡선,F0017111,선,,"R/G/B
255/127/0",선,,"R/G/B
255/127/0",선,,"R/G/B
255/127/0",,
520,,,(볼록지)간곡선,F0017112,선,,"R/G/B
255/127/0",선,,"R/G/B
255/127/0",선,,"R/G/B
255/127/0",,
521,,,(볼록지)조곡선,F0017113,선,,"R/G/B
255/127/0",선,,"R/G/B
255/127/0",선,,"R/G/B
255/127/0",,
522,,,(볼록지)계곡선,F0017114,선,,"R/G/B
0/0/0",선,,"R/G/B
0/0/0",선,,"R/G/B
0/0/0",,
523,,,(오목지)미분류,F0017120,선,,,,,,,,,,
524,,,(오목지)주곡선,F0017121,선,,"R/G/B
255/127/0",,,,,,,,
525,,,(오목지)간곡선,F0017122,선,,"R/G/B
255/127/0",,,,,,,,
526,,,(오목지)조곡선,F0017123,선,,"R/G/B
255/127/0",,,,,,,,
527,,,(오목지)계곡선,F0017124,선,,"R/G/B
0/0/0",,,,,,,,
528,,,(수치)미분류,F0017130,문자,,,,,,,,,,
529,,,등고수치,F0017131,문자,,"R/G/B
0/0/0",점,,"R/G/B
0/0/0",점,,"R/G/B
0/0/0",,
530,,표고점,표고점(미분류),F0020000,,,,,,,,,,점,
531,,,표고점수치,F0027132,문자,,"R/G/B
0/0/0",점,,"R/G/B
0/0/0",점,,"R/G/B
0/0/0",,
532,,,표고점,F0027217,점,,"R/G/B
0/0/0",점,,"R/G/B
0/0/0",점,,"R/G/B
0/0/0",,
533,,성/절토,성/절토(미분류),F0030000,,,,,,,,,,선,
534,,,(인공)미분류,F0037220,선,,,,,,,,,,
535,,,성토(상단),F0037221,선,,"R/G/B
0/0/0",선,,"R/G/B
0/0/0",선,,"R/G/B
0/0/0",,
536,,,절토(상단),F0037222,선,,"R/G/B
0/0/0",,,,,,,,
537,,,성토(하단),F0037223,선,,"R/G/B
0/0/0",선,,"R/G/B
0/0/0",선,,"R/G/B
0/0/0",,
538,,옹벽,옹벽(미분류),F0040000,,,,,,,,,,선,
539,,,콘크리트옹벽(상단),F0047224,선,,"R/G/B
0/0/0",선,,"R/G/B
0/0/0",선,,"R/G/B
0/0/0",,
540,,,콘크리트옹벽(하단),F0047225,선,,"R/G/B
0/0/0",선,,"R/G/B
0/0/0",선,,"R/G/B
0/0/0",,
541,,,석축(상단),F0047226,선,,,선,,"R/G/B
255/0/0",선,,"R/G/B
255/0/0",,
542,,,석축(하단),F0047227,선,,,선,,"R/G/B
255/0/0",선,,"R/G/B
255/0/0",,
543,,,경사보호망,F0047228,선,,,면,,"R/G/B
0/0/0",면,,"R/G/B
0/0/0",,
544,,동굴입구,동굴입구,F0057215,점,,"R/G/B
0/0/0",선,,"R/G/B
0/0/0",선,,"R/G/B
0/0/0",선,
545,경계,행정경계,행정경계(미분류),G0010000,,,,,,,,,,면,
546,,,광역시계,G0010012,,,,면,,"R/G/B
0/0/0",면,,"R/G/B
0/0/0",,
547,,,도계,G0010013,,,,면,,"R/G/B
0/0/0",면,,"R/G/B
0/0/0",,
548,,,행정동계,G0010118,,,,면,,"R/G/B
0/0/0",면,,"R/G/B
0/0/0",,
549,,,(행정경계선)미분류,G0018110,선,,,,,,,,,,
550,,,국경,G0018111,선,,"R/G/B
0/0/0",,,,,,,,
551,,,"특별시,광역시,도",G0018112,선,,"R/G/B
0/0/0",면,,"R/G/B
0/0/0",면,,"R/G/B
0/0/0",,
552,,,시계,G0018113,선,,"R/G/B
0/0/0",면,,"R/G/B
0/0/0",면,,"R/G/B
0/0/0",,
553,,,군계,G0018114,선,,"R/G/B
0/0/0",면,,"R/G/B
0/0/0",면,,"R/G/B
0/0/0",,
554,,,구계,G0018115,선,,"R/G/B
0/0/0",면,,"R/G/B
0/0/0",면,,"R/G/B
0/0/0",,
555,,,읍계,G0018116,선,,"R/G/B
0/0/0",면,,"R/G/B
0/0/0",면,,"R/G/B
0/0/0",,
556,,,동계,G0018117,선,,"R/G/B
0/0/0",면,,"R/G/B
0/0/0",면,,"R/G/B
0/0/0",,
557,,,면계,G0018118,선,,"R/G/B
0/0/0",면,,"R/G/B
0/0/0",면,,"R/G/B
0/0/0",,
558,,,리계,G0018119,선,,,,,,,,,,
559,,수부지형경계,수부지형경계(미분류),G0020000,,,,,,,,,,면,
560,,,(경계)미분류,G0022310,선,,,,,,,,,,
561,,,갯벌(진흙),G0022311,선,,"R/G/B
0/0/255",면,,"R/G/B
0/0/255",면,,"R/G/B
0/0/255",,
562,,,모래,G0022312,선,,"R/G/B
0/0/255",면,,"R/G/B
0/0/255",면,,"R/G/B
0/0/255",,
563,,,습지,G0022313,선,,"R/G/B
0/0/255",면,,"R/G/B
0/0/255",면,,"R/G/B
0/0/255",,
564,,,염전,G0022314,선,,"R/G/B
0/0/255",면,,"R/G/B
0/0/255",면,,"R/G/B
0/0/255",,
565,,,용수구역,G0022315,선,,"R/G/B
0/0/255",,,,,,,,
566,,,집수경계(하수),G0022316,선,,"R/G/B
0/0/255",,,,,,,,
567,,,수역경계(하천),G0022317,선,,"R/G/B
0/0/255",,,,,,,,
568,,,댐 유역계,G0022318,선,,"R/G/B
0/0/255",,,,,,,,
569,,,(기호)미분류,G0022320,점,,,,,,,,,,
570,,,갯벌기호,G0022321,점,,"R/G/B
0/0/0",점,,"R/G/B
0/0/0",점,,"R/G/B
0/0/0",,
571,,,모래기호,G0022322,점,,"R/G/B
165/82/0",점,,"R/G/B
165/82/0",점,,"R/G/B
165/82/0",,
572,,,습지기호,G0022323,점,,"R/G/B
0/0/255",점,,"R/G/B
0/0/255",점,,"R/G/B
0/0/255",,
573,,,염전기호,G0022324,점,,"R/G/B
0/0/255",점,,"R/G/B
0/0/255",점,,"R/G/B
0/0/255",,
574,,기타경계,기타경계(미분류),G0030000,,,,,,,,,,선,
575,,,(자연)미분류,G0037210,선,,,면,,,면,,,,
576,,,붕토지,G0037211,선,,"R/G/B
165/82/0",면,,"R/G/B
165/82/0",면,,"R/G/B
165/82/0",,
577,,,시태지,G0037212,선,,"R/G/B
165/82/0",면,,"R/G/B
165/82/0",면,,"R/G/B
165/82/0",,
578,,,벼랑바위,G0037213,선,,"R/G/B
165/82/0",면,,"R/G/B
165/82/0",면,,"R/G/B
165/82/0",,
579,,,너덜바위,G0037214,선,,"R/G/B
165/82/0",면,,"R/G/B
165/82/0",면,,"R/G/B
165/82/0",,
580,,,능선,G0037216,선,,"R/G/B
0/0/0",,,,,,,,
581,,,기타(미분류),G0036350,선,,,선,,"R/G/B
0/0/0",선,,"R/G/B
0/0/0",,
582,,,(산업지역경계)미분류,G0038210,선,,"R/G/B
0/0/0",,,,,,,,
583,,,국가공업단지,G0038211,선,,"R/G/B
0/0/0",,,,,,,,
584,,,지방공업단지,G0038212,선,,"R/G/B
0/255/0",,,,,,,,
585,,,농공단지,G0038213,선,,"R/G/B
0/255/0",,,,,,,,
586,,,축산단지,G0038214,선,,"R/G/B
0/255/0",,,,,,,,
587,,,국토계획관련지역,G0038215,선,,"R/G/B
0/255/0",,,,,,,,
588,,,(환경지역경계)미분류,G0038220,선,,"R/G/B
0/255/0",,,,,,,,
589,,,자연환경보존지역,G0038221,선,,"R/G/B
0/255/0",,,,,,,,
590,,,자연생태계보존구역,G0038222,선,,"R/G/B
0/255/0",,,,,,,,
591,,,상수원보호지역,G0038223,선,,"R/G/B
0/255/0",,,,,,,,
592,,,개발제한구역,G0038224,선,,"R/G/B
0/255/0",,,,,,,,
593,,,환경보존특별 대책지역,G0038225,선,,"R/G/B
0/255/0",,,,,,,,
594,,,(관광문화지역)미분류,G0038230,선,,"R/G/B
0/255/0",,,,,,,,
595,,,문화재보호구역,G0038231,선,,"R/G/B
0/255/0",,,,,,,,
596,,,관광단지,G0038232,선,,"R/G/B
0/255/0",,,,,,,,
597,,,위락단지,G0038233,선,,"R/G/B
0/255/0",,,,,,,,
598,,,(주거지역경계)미분류,G0038240,선,,,,,,,,,,
599,,,외국인주거지역,G0038241,선,,,,,,,,,,
600,주기,도곽,도곽(미분류),H0010000,,,,,,,,,,면,
601,,,미분류,H0010500,,,,점,,"R/G/B
0/0/0",점,,"R/G/B
0/0/0",,
602,,,난외주기,H0010601,,,,점,,"R/G/B
0/0/0",점,,"R/G/B
0/0/0",,
603,,,도곽,H0017334,선,,"R/G/B
0/0/0",면,,"R/G/B
0/0/0",면,,"R/G/B
0/0/0",,
604,,기준점,기준점(미분류),H0020000,,,,,,,,,,점,
605,,,삼각점수치,H0027133,문자,,"R/G/B
0/0/0",,,,,,,,
606,,,수준점수치,H0027134,문자,,"R/G/B
0/0/0",,,,,,,,
607,,,통합기준점수치,H0027135,,,,,,,,,,,
608,,,(국가기준점)미분류,H0027310,점,,,,,,,,,,
609,,,삼각점,H0027311,점,,"R/G/B
255/0/0",,,,,,,,
610,,,수준점,H0027312,점,,"R/G/B
0/0/255",,,,,,,,
611,,,통합기준점,H0027313,점,,"R/G/B
0/0/0",점,,"R/G/B
0/0/0",점,,"R/G/B
0/0/0",,심볼추가
612,,,(항측기준점)미분류,H0027320,점,,,,,,,,,,
613,,,평면기준점,H0027321,점,,"R/G/B
255/0/0",,,,,,,,
614,,,표고기준점,H0027322,점,,"R/G/B
0/0/255",,,,,,,,
615,,,사진기준점,H0027323,점,,"R/G/B
255/0/0",,,,,,,,
616,,,(기타기준점)미분류,H0027330,점,,,,,,,,,,
617,,,지적,H0027331,점,,,,,,,,,,
618,,,수로,H0027332,점,,,,,,,,,,
619,,,기타,H0027333,점,,,,,,,,,,
620,,격자,격자,H0037335,선,,"R/G/B
0/0/0",선,,"R/G/B
0/0/0",선,,"R/G/B
0/0/0",선,
621,,지명,지명(미분류),H0040000,,,,,,,,,,점,
622,,,주거시설,H0040010,,,,점,,"R/G/B
0/0/0",점,,"R/G/B
0/0/0",,
623,,,농경시설,H0040011,,,,점,,"R/G/B
0/0/0",점,,"R/G/B
0/0/0",,
624,,,해양,H0040104,,,,점,,"R/G/B
0/0/0",점,,"R/G/B
0/0/0",,
625,,,지형,H0040154,,,,점,,"R/G/B
0/0/0",점,,"R/G/B
0/0/0",,
626,,,목장 및 방목,H0040203,,,,점,,"R/G/B
0/0/0",점,,"R/G/B
0/0/0",,
627,,,경관,H0040205,,,,점,,"R/G/B
0/0/0",점,,"R/G/B
0/0/0",,
628,,,(도로)미분류,H0049110,문자,,,,,,,,,,
629,,,도로,H0049111,문자,,"R/G/B
0/0/0",점,,"R/G/B
0/0/0",점,,"R/G/B
0/0/0",,
630,,,유료도로,H0049112,문자,,"R/G/B
0/0/0",,,,,,,,
631,,,도로시설,H0049113,문자,,"R/G/B
0/0/0",점,,"R/G/B
0/0/0",점,,"R/G/B
0/0/0",,
632,,,다리,H0049114,문자,,"R/G/B
0/0/0",,,,,,,,
633,,,터널,H0049115,문자,,"R/G/B
0/0/0",,,,,,,,
634,,,행선지명,H0049116,문자,,"R/G/B
0/0/0",,,,,,,,
635,,,(철도)미분류,H0049120,문자,,,,,,,,,,
636,,,철도,H0049121,문자,,"R/G/B
0/0/0",점,,"R/G/B
0/0/0",점,,"R/G/B
0/0/0",,
637,,,철도시설,H0049122,문자,,"R/G/B
0/0/0",점,,"R/G/B
0/0/0",점,,"R/G/B
0/0/0",,
638,,,철교,H0049123,문자,,"R/G/B
0/0/0",,,,,,,,
639,,,터널,H0049124,문자,,"R/G/B
0/0/0",,,,,,,,
640,,,행선지명,H0049125,문자,,"R/G/B
0/0/0",,,,,,,,
641,,,(하천)미분류,H0049130,문자,,,점,,"R/G/B
0/0/0",점,,"R/G/B
0/0/0",,
642,,,하천,H0049131,문자,,"R/G/B
0/0/0",점,,"R/G/B
0/0/0",점,,"R/G/B
0/0/0",,
643,,,세류,H0049132,문자,,"R/G/B
0/0/0",,,,,,,,
644,,,하천시설,H0049133,문자,,"R/G/B
0/0/0",점,,"R/G/B
0/0/0",점,,"R/G/B
0/0/0",,
645,,,지하수로,H0049134,문자,,"R/G/B
0/0/0",,,,,,,,
646,,,(건물)미분류,H0049140,문자,,,,,,,,,,
647,,,지방행정기관,H0049141,문자,,"R/G/B
0/0/0",점,,"R/G/B
0/0/0",점,,"R/G/B
0/0/0",,
648,,,치안행정기관,H0049142,문자,,"R/G/B
0/0/0",,,,,,,,
649,,,기타행정기관,H0049143,문자,,"R/G/B
0/0/0",,,,,,,,
650,,,산업시설,H0049144,문자,,"R/G/B
0/0/0",점,,"R/G/B
0/0/0",점,,"R/G/B
0/0/0",,
651,,,"문화,교육시설",H0049145,문자,,"R/G/B
0/0/0",점,,"R/G/B
0/0/0",점,,"R/G/B
0/0/0",,
652,,,서비스시설,H0049146,문자,,"R/G/B
0/0/0",점,,"R/G/B
0/0/0",점,,"R/G/B
0/0/0",,
653,,,"의료,후생시설",H0049147,문자,,"R/G/B
0/0/0",점,,"R/G/B
0/0/0",점,,"R/G/B
0/0/0",,
654,,,(지류)미분류,H0049150,문자,,,점,,"R/G/B
0/0/0",점,,"R/G/B
0/0/0",,
655,,,식생,H0049151,문자,,"R/G/B
0/0/0",점,,"R/G/B
0/0/0",점,,"R/G/B
0/0/0",,
656,,,"평야,들",H0049152,문자,,"R/G/B
0/0/0",점,,"R/G/B
0/0/0",점,,"R/G/B
0/0/0",,
657,,,"변형지물,바위",H0049154,문자,,"R/G/B
0/0/0",,,,,,,,
658,,,(시설물)미분류,H0049160,문자,,,점,,"R/G/B
0/0/0",점,,"R/G/B
0/0/0",,
659,,,보조물,H0049161,문자,,"R/G/B
0/0/0",,,,,,,,
660,,,목표물,H0049162,문자,,"R/G/B
0/0/0",,,,,,,,
661,,,(도시지역)미분류,H0049210,문자,,,점,,"R/G/B
0/0/0",점,,"R/G/B
0/0/0",,
662,,,특별시,H0049211,문자,,"R/G/B
0/0/0",점,,"R/G/B
0/0/0",점,,"R/G/B
0/0/0",,
663,,,광역시,H0049212,문자,,"R/G/B
0/0/0",,,,,,,,
664,,,도,H0049213,문자,,"R/G/B
0/0/0",,,,,,,,
665,,,시,H0049214,문자,,"R/G/B
0/0/0",,,,,,,,
666,,,구,H0049215,문자,,"R/G/B
0/0/0",,,,,,,,
667,,,법정동,H0049216,문자,,"R/G/B
0/0/0",,,,,,,,
668,,,행정동,H0049217,문자,,"R/G/B
0/0/0",,,,,,,,
669,,,(농어촌지역)미분류,H0049220,문자,,,,,,,,,,
670,,,도,H0049221,문자,,"R/G/B
0/0/0",,,,,,,,
671,,,군,H0049222,문자,,"R/G/B
0/0/0",,,,,,,,
672,,,읍,H0049223,문자,,"R/G/B
0/0/0",,,,,,,,
673,,,면,H0049224,문자,,"R/G/B
0/0/0",,,,,,,,
674,,,리,H0049225,문자,,"R/G/B
0/0/0",,,,,,,,
675,,,자연부락,H0049226,문자,,"R/G/B
0/0/0",,,,,,,,
676,,,"(지역,구역명)미분류",H0049230,문자,,,점,,"R/G/B
0/0/0",점,,"R/G/B
0/0/0",,
677,,,산업관련지역명,H0049231,문자,,"R/G/B
0/0/0",,,,,,,,
678,,,환경관련지역명,H0049232,문자,,"R/G/B
0/0/0",,,,,,,,
679,,,"관광,문화관련 지역명",H0049233,문자,,"R/G/B
0/0/0",,,,,,,,
680,,산/산맥,"산,산맥",H0059153,문자,,"R/G/B
0/0/0",점,,"R/G/B
0/0/0",점,,"R/G/B
0/0/0",점,
